{"cameraMode":{"drawMode":0,"name":"Shaded","section":"Shading Mode"},"sceneLighting":true,"audioPlay":false,"sceneViewState":{"showFog":true,"showMaterialUpdate":false,"showSkybox":true,"showFlares":true,"showImageEffects":true,"showParticleSystems":true},"in2DMode":false,"pivot":{"x":0.27638745307922366,"y":-0.0033545680344104769,"z":-0.00008361972868442535},"rotation":{"x":0.1624598652124405,"y":-0.6881909370422363,"z":0.1624598503112793,"w":0.6881910562515259},"size":62.42255783081055,"orthographic":false}